,deltaI,deltaR
OLS_sp,-392.6869118511812,3.4724969629815554
OLS_pi,-1.663133221496409,3.4724969629815554
DT_sp,0.23071666666666668,-0.09435533333333333
DT_pi,0.21984,-0.130995
RF_sp,0.21829030000000005,-0.06778696000000002
RF_pi,0.25956266666666666,-0.07799350333333331
IRF_sp,0.27769085,-0.13250444603174602
IRF_pi,0.233278,-0.0377623
AB_sp,0.26181,-0.13422
AB_pi,0.23378000000000002,-0.032256
GB_sp,0.2460586336873691,-0.1650718770308194
GB_pi,0.23904598940087307,-0.06355649017467388
